0,1,2,3,4,5,6,7
0.8370578507985359,0.35385721179476626,0.5944516550508132,0.33035943005992197,276654131136.9686,57161549609.561714,96026805835.96819,194802847769.77966
0.5932043019027858,0.593375564967507,0.15267028754022227,0.3967186788215644,215758286863.29694,95852975899.39781,24662123377.035934,184018301589.69733
0.1424677537390936,0.45514924650550004,0.06821216192940005,0.48119316024535075,98572940203.49173,73524109066.25354,11018887698.590424,153290121265.9373
0.05420868596268702,0.6315011009226726,0.6921516560461659,0.3096133206076175,52835223154.877815,102011716324.21164,111809113692.3619,94092894913.83473
0.7105167466117246,0.8765306861130495,0.8540395508410531,0.5028075322708169,261774685218.13815,141593418555.5443,137960235164.69327,228221658279.13348
0.23399070864062255,0.7315511154439197,0.3470696138513909,0.0833983050829965,76251398843.62787,118173641750.25217,56065091480.01809,51924933648.466064
0.9529829295091473,0.7910492049142854,0.04248144859007541,0.05396670733527731,275939217749.91016,127784871589.78131,6862387850.600129,130713520291.47421
0.7686701134043686,0.5411594616638952,0.1861200741298571,0.553422886521456,284346439523.44934,87418066902.43626,30065550442.644627,249575733635.09702
0.9106043732710101,0.8753809910379405,0.7727127474718298,0.8438602638935224,359657768336.9503,141407698581.834,124822828463.84254,348876027589.1031
0.11820934785969572,0.986705086893156,0.5649374234230299,0.08525779818554546,43746183511.18942,159390821762.20383,91259122264.32991,38423240870.406624
0.039875636353884025,0.8688590532505367,0.5329490065880607,0.3292499752961029,51162436525.45237,140354154785.1871,86091762620.67816,97907522056.65646
0.35957204419945255,0.08904864583854677,0.7831273361678569,0.29070049562376277,136867734108.63435,14384781253.8483,126505185099.7062,125742330105.62111
0.39613242033314855,0.9735023048550017,0.508562634180811,0.6696664427122988,193116253270.83365,157258064663.28705,82152425538.68378,237302518433.62283
0.7011578692694008,0.39664574679106235,0.2622419846025986,0.5625902831569114,266371912789.2957,64073543725.79246,42362166752.349525,243987918104.90814
0.7801512560289683,0.1374453513952606,0.8834857053808141,0.5734958188566492,290023983184.1229,22202710614.643547,142716921668.26413,256641181787.77213
0.1747744802333424,0.2785063368916164,0.24468380116929989,0.5117145838967888,111403591138.27916,44989485199.586075,39525844812.531624,165832377126.0566
0.28918417779590155,0.13849148165424163,0.570566846767785,0.017034030781027276,83813880931.36584,22371700887.28349,92168490650.98042,39851164865.929634
0.6642507863047732,0.7750683753183913,0.9282087078977002,0.2637980057184621,219738730713.35297,125203352962.21277,149941406691.73248,155050204605.12283
0.5390917959900317,0.7643067939969475,0.4439752525001093,0.314275540337812,190472794370.22192,123464943671.46242,71719079265.00548,154156322295.7355
0.44543253659572657,0.7960871446718196,0.3441803591733412,0.6370119916453173,203096804567.8792,128598692627.70695,55598365724.23561,234044255005.43448
0.9435037943825135,0.6382245038051522,0.5708536811953452,0.8069406695910842,364485230765.5311,103097804482.37756,92214825443.13446,342425033679.22864
0.4570723258932351,0.9610967843781336,0.3609571934846896,0.36302964461080134,173193268337.7054,155254095970.4511,58308469728.942825,158001758281.2145
0.21715211361237663,0.4768820752638573,0.5540752374298168,0.41641997108100226,111838113252.45367,77034796789.49104,89504461449.675,144027536388.72775
0.8147477306110346,0.7042044582125165,0.19029173230895313,0.16625524198167174,250465378215.16406,113756104811.94847,30739433687.10096,145708899260.83658
0.8179533455284435,0.9011260050423784,0.7921440669657525,0.20465557769458143,256023929260.11877,145566508537.26614,127961733921.20905,156952751358.56024
0.10498894703778283,0.8065339126184009,0.29950847674089265,0.7053780204372687,115138827912.7194,130286247450.19957,48382138560.562805,212124755174.44293
0.8676507578717879,0.7342591906778159,0.4280491678975872,0.8762817548405749,351443100000.577,118611100057.3576,69146404059.44508,352837337972.7495
0.24291183384352955,0.8283919583188605,0.2145639110340607,0.746094639557824,159061542085.43622,133817162525.62717,34660324097.36081,240344918410.11655
0.01889602726038042,0.8377955624094422,0.21205863071351405,0.18345328435157937,27567832546.963856,135336206263.65396,34255624968.572536,54150158698.020386
0.8054940626856627,0.33247336129626337,0.7374213482391048,0.3064246677982989,264831502528.58517,53707235297.54322,119121910125.0571,184212600260.70184
0.024938439647801847,0.33319709409533993,0.031243271786348892,0.3746966722841192,52445848053.51082,53824145980.495384,5046990058.849543,108945254875.80008
0.10889930968471428,0.4075669905759697,0.6638822258614941,0.46537705601994117,87167217427.65709,65837744645.26158,107242513430.80675,144752084155.38162
0.1452059378460402,0.6590748625583762,0.9980964217964482,0.568056626723426,109870846844.00648,106465939358.60228,161230960477.73563,178177496600.01276
0.44489133309123474,0.03845323201740514,0.7444384863109814,0.49837432185575636,186147323579.909,6211675942.57125,120255447813.82793,194786883305.21417
0.2946390994843334,0.504223494383181,0.4957548021395889,0.6967884761960187,167710810851.48303,81451487571.22787,80083468054.66939,232673402487.71573
0.7748999171410378,0.07040645894717901,0.43944781531002175,0.8806688259933739,325754661332.1438,11373351063.074953,70987724026.45384,342840408150.3226
0.3197696538585513,0.8682312702767501,0.713455721124186,0.4292190049119573,142397954696.41278,140252743689.40042,115250539590.2997,160078234485.65784
0.1350665995852136,0.7515022893234877,0.0077218001098927624,0.5687011461246432,107082619916.37593,121396523685.31743,1247367710.3202744,177131277448.92258
0.8215242901255816,0.5132129932664353,0.20202560935697267,0.09391585660373003,243616864694.17145,82903637391.13396,32634906133.715607,126080117716.07889
0.8098506859145728,0.2828269179440033,0.6491088175432871,0.834463157076979,330036980309.917,45687425215.88671,104856039778.9053,334012841036.9827
0.9245583730382464,0.28024396049369216,0.5418744932270214,0.5276699359098108,325294782373.6345,45270178243.05697,87533572001.11925,261182034824.10422
0.7922873980267751,0.7321008325281787,0.7838686852958925,0.04508117515498278,229435310710.83167,118262442202.34328,126624941497.33699,108732766990.9331
0.3204657164765532,0.23983738299994495,0.21567188549124683,0.4143249955659999,140790259726.94406,38742961877.31835,34839304586.63595,155952143275.33087
0.3382834630536663,0.2833673329477565,0.5252834575574292,0.7173337906917038,182537880581.35114,45774723024.20359,84853481623.16353,243769087366.44556
0.6742101766536072,0.9819554306368297,0.6636851355509601,0.016684905935774097,192615471274.93362,158623569597.56003,107210675765.25223,86399850598.31749
0.20767169614052106,0.029881696934081492,0.4154762309877319,0.4068296218824107,107996164467.27759,4827043351.898842,67115391173.58244,140167829401.53683
0.453845594053227,0.9143301989450878,0.9485787796275531,0.782144574982309,223058481872.9798,147699493706.61115,153231956741.08853,276091394187.99115
0.8637386665417117,0.26836192736112274,0.7141384121504479,0.3115724946332006,281920483027.2296,43350772890.471565,115360820448.41121,192724409084.9069
0.970343280010068,0.2579683822702833,0.6891313363447843,0.028468095348181288,277757600381.9215,41671815606.21586,111321215894.34439,125608532058.58995
0.4130637553468425,0.6801784701099319,0.6072427334240237,0.7003571421268616,201620907715.16946,109874983656.10445,98093056958.22641,248029839435.4866
0.5595748965503213,0.38201100181688674,0.33157573137932606,0.17513622226872405,179405945798.6977,61709469537.16234,53562233541.69993,117304313786.3847
0.9189396250161617,0.21551288914086408,0.3813988665901902,0.3236778838706973,298991983834.07886,34813620560.799545,61610586154.367615,202834317936.63956
0.4854681994328074,0.9045970876353459,0.022678612469910542,0.9914144265538598,257351796572.08093,146127221879.32425,3663468168.981908,339081571739.48474
0.8297422635905032,0.2688376955059585,0.11343001257027041,0.5659679686824761,303130951553.34814,43427627744.65337,18323309726.719036,260521257751.60843
0.20135500811006535,0.6382129679809357,0.49983088757743344,0.42581357642715123,108510464459.38826,103095941003.08069,80741912625.53569,144769156272.03333
0.8852391108644958,0.6535855834439163,0.33210415543058536,0.8874975196660497,357774025144.0792,105579209655.31194,53647594349.99809,358138845027.48346
0.32408959242672875,0.313173230249839,0.5073970064934529,0.9400501024420591,205508320313.29095,50589521820.161545,81964131835.30197,305009633490.40753
0.2677826363816137,0.37291898005684176,0.5927743445450195,0.32779867694436915,115414161938.72003,60240758329.4635,95755855677.2834,125109060800.88354
0.36770153903467995,0.9162138794720476,0.7734994548029118,0.24164528226309123,133222651990.67297,148003780561.02982,124949911955.8131,112859718200.23773
0.6425461957637142,0.6191888236197929,0.49502516686939246,0.9480836274335053,296506844880.381,100022809990.25397,79965603895.61305,345862891545.0463
0.8434767686663066,0.017042255484405966,0.09118098549807163,0.6894466645788921,321973509418.08844,2752979732.6716647,14729236121.997375,297091723367.9985
0.9772348440300731,0.7761797408593816,0.7340793644118246,0.07908769983155817,285838552293.98236,125382881241.94872,118582051198.99902,140753244354.6716
0.6188655361607085,0.05644454513313679,0.013372411591132116,0.7217963360069991,262396928870.34546,9117964984.950642,2160158795.9420023,279024211925.9133
0.028270495518207372,0.9328942993016867,0.5112014090844642,0.04878974313117557,13902916653.752628,150698309918.68845,82578689177.05536,17217564345.770954
0.07851961223408421,0.2695743866885695,0.4462423335560102,0.17140253980861653,42962967328.88843,43546631704.9462,72085300051.03525,57967132555.60229
0.05159079110342313,0.6209037490433703,0.43008726159988675,0.7070838782171497,100250251213.03413,100299836404.88966,69475634580.65454,206137596076.61066
0.24461741403007942,0.11135814983920778,0.23487737886857596,0.16865904036084323,89585152720.94225,17988624208.554356,37941730440.54517,77314953894.886
0.5982468361378245,0.877869168186676,0.6999142891419472,0.11819284103005767,183439295994.40012,141809634890.5599,113063077500.40398,105892112153.09355
0.4938333114461011,0.9982333349329807,0.3199123854366842,0.47161946839115343,196741390985.76776,161253077215.1801,51678154581.34099,193153000953.0649
0.7889273233225635,0.8939786442751114,0.22671404483336333,0.5018316663629445,283822522192.54846,144411934874.6202,36623038019.19677,237445531443.22583
0.32517244636225395,0.9336290264740154,0.4652763114427272,0.42020171921559135,142832803733.37534,150816996615.78174,75160019556.45517,158183686274.4301
0.9221094367160974,0.8074108351232792,0.37854419148801666,0.832307875172905,361510544947.0086,130427904162.5558,61149446330.074005,347004138848.5385
0.8782176316944681,0.6350024414558268,0.9056962946387985,0.9821879420967461,367261215867.48425,102577317487.37782,146304786087.6114,384056419859.05444
0.9606520263680621,0.4259596372082135,0.051358048055977545,0.15096014055847984,289858339928.43866,68808864486.47563,8296300072.314747,159061958347.24927
0.9353294988142157,0.16619421450067096,0.424527183242408,0.657741859325788,344098410578.0911,26846757732.641884,68577468076.56641,299257330343.6664
0.2743057889516165,0.042013613886113355,0.18012907310892046,0.3596765565962471,121120334720.41013,6786814552.252004,29097773354.4449,134910997188.9632
0.9407384971936734,0.8589974731842274,0.01164635233858835,0.44643967799846207,320027420838.7506,138761130312.6042,1881333839.7035863,240179150028.9913
0.29120457700606117,0.49414117030980587,0.815866725863568,0.5703690726785023,151423700798.25345,79822804451.34225,131793855743.96478,196519503954.76416
0.6669706818607588,0.32184752953901286,0.3015305511621139,0.9067499723186521,298403727926.98846,51990754782.5517,48708781351.7514,337137305624.4351
0.348005592103352,0.7179653110755969,0.6055283127234149,0.8989683024893181,207291971381.81943,115979011813.37216,97816112075.76247,296293640001.229
0.5173210751742252,0.34815496042316263,0.8072901603841824,0.8742493979585209,252161365671.92328,56240416695.49475,130408410550.85144,309819017826.05115
0.7008001514499858,0.07733588367206401,0.0841941120415668,0.5745968423674225,267725429541.1329,12492719672.71337,13600587332.63381,247338741146.61224
0.45230569693884126,0.3472559942793032,0.10086095052097654,0.20076390105414565,152186660063.38245,56095199087.61021,16292922779.870327,111552985335.0554
0.07139775186500119,0.711814631546469,0.5460127869602619,0.6752237386520383,101989548212.14755,114985440504.6131,88202065604.32086,199530669175.05304
0.4911231492985192,0.6012788964056553,0.11575804761772424,0.8636766725631472,243474487201.57468,97129667901.21165,18699376926.770935,303656210203.05286
0.18095773222867662,0.19217101289972227,0.6677626215530316,0.2612165810951894,82802752414.63562,31043009782.596325,107869346581.10907,95767643388.08939
0.7009345910311713,0.2003568570761951,0.9059809426390832,0.24283638999774304,227569379761.86514,32365338457.533695,146350767687.66696,153568901117.9236
0.9833069393985902,0.5897174660725001,0.20833811346924958,0.5386453959436488,343232269371.81055,95262052231.61938,33654618336.68113,271402327721.7706
0.06287058400630818,0.28425405895908706,0.07239361605593542,0.828256614276579,118119504925.36102,45917963379.91001,11694353365.32576,241758786764.08917
0.24528581046863618,0.603211773161598,0.7957509602113841,0.03267691137329887,73299345314.17836,97441901838.77531,128544385907.16362,38954830837.75426
0.1171857529522301,0.3255421804070633,0.28611480709816717,0.7901748324357795,128860231041.22136,52587582999.82303,46218545771.670334,237573851595.8983
0.36035062891315117,0.7458852149800922,0.41106772502418876,0.8570166084613972,205699209241.6431,120489150137.3485,66403247902.3997,285929867493.1265
0.3299495630745254,0.19147419987044056,0.4952441446190372,0.6253056407351576,169032386839.68997,30930447677.84268,80000977224.40923,216743753240.99362
0.10743332132058192,0.9843705707760669,0.3807423346237815,0.966146470327167,147422934386.072,159013707620.1338,61504530990.54097,286138135408.4322
0.2824590926879752,0.526579562350883,0.07433188000993485,0.7175009344844079,166777010607.25684,85062852397.53448,12007457542.575716,237053000450.59763
0.15689521257442218,0.6444272215837773,0.8186827939653235,0.0842830220513957,54564282006.93739,104099781969.90334,132248759052.80496,42834620458.45882
0.2239099169462293,0.5370998125148195,0.15053828786073054,0.2825381061295169,97528189399.71846,86762277424.37163,24317723428.73838,106998896885.15184
0.038248755285914315,0.412177081567741,0.6118337393353315,0.9558947461159024,126622953934.79099,66582451651.78023,98834680990.20796,274858075561.3824
0.72405012558289,0.22758379513814753,0.5391868538711612,0.533165552171245,269278458224.4915,36763536145.38357,87099414874.3126,238443257897.705
0.7437711675296436,0.6234506972872643,0.9093409064391911,0.09374780828217077,221616295332.1485,100711266505.91241,146893531070.87473,116612521893.30551
0.5758316002173859,0.9581446592752616,0.5725816292723331,0.5705998204638234,231913526819.95862,154777214222.96442,92493955517.16776,231068393167.28333
0.6347025997643385,0.39771109334292454,0.6009559922047624,0.36615575056768657,223786720145.0783,64245638168.82154,97077506453.36426,180406075265.78445
0.3918639918890271,0.5949370313205605,0.45476350896457785,0.19564296598657516,134479833998.95215,96105212771.8669,73461797617.32225,102782591346.5473
0.9208680882011883,0.7673339132021552,0.44015292538718986,0.6781745529656898,342485780460.8286,123953939850.86742,71101626423.55869,303281440145.3628
0.9779676273113531,0.9965345743307366,0.8111791347844707,0.46579884012628214,332897246497.8855,160978662040.91406,131036629492.56773,250162288550.69943
0.7723155993351021,0.13236389976114626,0.3572299644451621,0.08320503982496219,228408289684.7185,21381860735.115067,57706378883.97026,117090430048.2789
0.345381175268175,0.2614228024673285,0.06160754265342683,0.16053712940760323,117086292172.73927,42229837330.47054,9951987661.479479,87226869373.63773
0.21586797091157794,0.023972299636520034,0.3891139031048848,0.7902042204196855,156760495437.45618,3872448403.6317286,62856861283.92489,249537889608.1545
0.5768356834865705,0.6796786994486772,0.9627977440455358,0.5232119354868356,226456148909.2411,109794251472.34647,155528866378.31967,217793851153.62747
0.905576145069454,0.27968114024213653,0.3302867047992655,0.4255700926454725,307558863837.109,45179261125.47899,53354006171.031265,230019424583.18494
0.9114533210629528,0.4502240913320782,0.26717296892343234,0.5682836890659185,326510597390.1706,72728507076.5345,43158710373.573746,271075502979.06476
0.07310140457700776,0.2677427113037677,0.5378087080382679,0.26999655558627256,53376325924.14554,43250745681.18562,86876791316.64487,85182465709.21205
0.018480016289433743,0.6686898348715343,0.01985173194909029,0.9316263224112004,118094270614.01077,108019127194.1293,3206818238.6001296,265602520095.27615
0.3174815513386706,0.22246573053919616,0.36892060961490747,0.9714916490962336,207449542235.3668,35936771863.84174,59594867719.47764,313097327279.82043
0.2584347141296369,0.6915488654747898,0.9072691505305184,0.4865866815890989,132009353714.45236,111711739830.8115,146558862808.63458,168864671542.529
0.014826598484840026,0.5974167851754711,0.25190346492420745,0.344736449398944,45957512104.6137,96505788394.6669,40692098188.568085,99250641878.7985
0.3634445280418911,0.8711845100773474,0.6684789041102446,0.203762492317493,127429582023.09184,140729805503.44275,107985053763.45233,101634791631.45226
0.10000962410219394,0.3555170936200054,0.3588122977480611,0.4769721046379315,86058956431.85417,57429684366.00248,57961986571.41503,146952895608.04507
0.21343767061291152,0.6903589090591425,0.7417152166864649,0.9649936494108005,177249879831.2308,111519516102.08997,119815535028.23717,298655076431.6457
0.13287999638293557,0.3511487633763971,0.2892800192034194,0.11767221781046155,51820594607.65754,56724031018.81063,46729849265.70257,49363953453.1291
0.8299608877664852,0.8314385292299638,0.282876669577793,0.6541747953377612,313879351234.73346,134309300903.67744,45695462018.26982,285483136298.0053
0.6057141446150639,0.4547032093299517,0.19131932856189982,0.5809243870787822,241611953212.75668,73452056907.11143,30905430004.91935,237607453917.59747
0.9130328977127915,0.24157716540532348,0.9486320272525399,0.1603550045045673,277535002457.1685,39024003650.55364,153240558280.51138,155948573528.89252
0.3884419376375735,0.7606312919246212,0.7522445878513518,0.429008970434718,161785634591.71472,122871208721.19325,121516433447.5359,168338770660.3153
0.007542599715990139,0.03833944855438032,0.3304387416153679,0.0005412737927951161,2197812321.991303,6193295537.001862,53378565964.40677,1066828903.3926781
0.0016638739627248267,0.3061105373916243,0.9704501531690574,0.5291086266425059,64573909534.64544,49448625281.288445,156765024775.45453,149776523446.87726
0.23486739136135615,0.99740986119395,0.4517737270771489,0.5516703559940441,133232190331.1969,161120054534.232,72978832850.79048,184408053859.4797
0.6960303433603177,0.07447795232510568,0.7120477791362942,0.40673710782550154,246040189026.36597,12031053839.646696,115023102807.59267,199308204814.82202
0.38555679092882755,0.26775623340316734,0.03384810014852735,0.7217885130447201,196441393480.19653,43252930020.31985,5467770025.135531,250755748602.5757
0.03451094281146472,0.6765740166007275,0.9347179155111369,0.774785824329903,103624260648.71152,109292725781.41896,150992894075.6612,223207126149.75726
0.5869963485486192,0.4386714767058594,0.27958397772076005,0.31149437746015574,203678094305.32764,70862315482.67836,45163565641.25336,159173929735.5832
0.6766503611088773,0.49892564482818824,0.29533856474026243,0.2804794998985368,225265022309.79266,80595681104.47325,47708537391.08941,161268190870.1329
0.2402216868799507,0.2276822854844126,0.8112812688729841,0.014727274834587911,69693089025.97171,36779446124.398964,131053128076.10023,33267068611.031593
0.9804092778518114,0.9828629515777554,0.7458302941577749,0.35713449730324076,320422379248.3472,158770169134.20175,120480278312.20317,219739530061.7682
0.14796040485614603,0.5741304756796819,0.41346215063330594,0.8186260017201655,141006956995.28278,92744153783.02261,66790039731.64567,249345245742.11118
0.33947892945964964,0.23652008563701377,0.13340572081094293,0.5558038282982295,163305853521.3525,38207090764.73289,21550154904.73278,198250644879.50287
0.7114730867126053,0.8964580381030423,0.2857325948797659,0.23864129705607373,230040279781.3154,144812452339.2158,46156803797.91572,153659759897.7598
0.9577606420171012,0.49854442066387683,0.6617852404939811,0.7201874246581271,358005042632.4618,80534098739.45627,106903769640.59923,319627830589.53033
0.452591621865442,0.6068235719253818,0.9319145625259414,0.9641205732407996,244751085682.66785,98025346254.58546,150540044747.18875,327382685537.494
0.8216971617560935,0.7724533341906545,0.17506273451302068,0.8090024268796452,330301222514.3404,124780923241.4901,28279364811.859306,328250534572.33185
0.32171522153845367,0.9643211708704073,0.07831141188624124,0.6797019898184403,173294928737.58905,155774958403.92728,12650304999.651861,231123560548.7487
0.438430405183477,0.9933902000849147,0.669950503305769,0.05617634074824562,130746882775.61307,160470724662.63684,108222773633.54832,68998149277.01756
0.7576216675844454,0.41498081351775695,0.47484531634162175,0.6013760436740883,287032838303.0245,67035362197.64666,76705781886.59961,261793160589.15378
0.7449498387325483,0.640228919039946,0.846573702033471,0.7242098934459421,298332403102.305,103421594635.75813,136754213433.98573,294982104247.6146
0.9410037256916765,0.252549611629137,0.5093917137408103,0.4751118114535552,323576138141.1793,40796475733.23238,82286353775.32706,248316675056.21652
0.3042818151534584,0.29819034180713544,0.7580627894650847,0.42566312607020274,137588853432.56323,48169209071.219025,122456296785.33524,157196603661.67328
0.5933692570383021,0.6090754591272892,0.9884261468120135,0.9885537659881133,287508015525.2401,98389112648.81569,159668839133.76965,351345513138.16595
0.5268181454207165,0.6871766159731139,0.3977241650536347,0.5547175104753855,216133597231.3111,111005453372.7009,64247749752.85978,220640417741.08392
0.03198068445683799,0.8832653451546107,0.5980279859131103,0.6100864887336191,82955018104.59203,142681325016.33157,96604520821.53694,176341340353.4341
0.7692957382872974,0.5401369826026323,0.2072369208587691,0.3290965283339429,257345297771.60907,87252897207.89006,33476733376.48941,186236194610.43762
0.41773750249228025,0.9033344946898184,0.602269382214538,0.2177252041878397,144469424511.34326,145923264557.31186,97289669454.98769,112159745547.72
0.15586562563336137,0.6871767211638562,0.3220797689918513,0.37520183153528175,89519158393.37476,111005470365.05157,52028270386.479614,124950391661.8586
0.4214750444530555,0.8842551786682216,0.3641314706944777,0.5767624045283841,189024736616.20874,142841221199.33286,58821237586.01576,214109617864.3887
0.7790730667309745,0.6746200040629511,0.9786238315178531,0.9048862957556294,329868418226.73926,108977077602.1738,158085388201.3052,350192093688.81573
0.362712403814358,0.09978158791472946,0.836899787459359,0.11352803091225627,116290364078.49995,16118564204.9786,135191504156.30257,76037503832.05606
0.12513199898475535,0.659862227591431,0.33182971793789173,0.7280520062794451,123580154345.75662,106593129094.73769,53603262139.63067,220974924775.25238
0.01814052881038042,0.1400885225443177,0.38466384696167166,0.9019124707175606,114398352697.62279,22629684415.734314,62138006060.64025,257161512574.00186
0.5802900017190068,0.1186272624333069,0.13778598153263877,0.35390881472697766,206920933851.88382,19162865474.000366,22257735483.00075,170351665176.29846
0.8848441675469159,0.3229102443756219,0.09063586564489623,0.8402744113275626,351941116502.4587,52162424102.347496,14641178299.54294,344741386650.13495
0.11954401075570387,0.05438304993407739,0.8457546393808859,0.5261808607560252,97543007344.84232,8784954221.956072,136621903313.15582,163230498512.4677
0.01404736347413793,0.3810782222974164,0.49216978500835484,0.5272242423691162,67846326360.24119,61558789768.60098,79504349902.57976,150744129891.36935
0.4322758669157213,0.7955943078529302,0.9524119503915035,0.11896464431532694,136614086621.77391,128519080526.17734,153851161249.24072,86002273729.59486
0.39163631858194625,0.29716385773807785,0.9749410896205601,0.2771038912741829,144284776918.26718,48003392413.8751,157490483740.849,125783384810.83907
0.5486433090157726,0.578788936912898,0.023181706720663886,0.8304129185601626,255704962158.45413,93496674443.93011,3744737240.274431,301221591402.06
0.06782104758673879,0.00757736744937354,0.9805991101415554,0.8218379503359702,118741317075.61595,1224036280.5392172,158404471671.35458,240544047545.17682
0.39771124717373063,0.9948502457058461,0.4545289810767881,0.9184765544824451,223706877483.1587,160706578186.06717,73423912343.13295,307830504065.99286
0.07937364894064303,0.08607086836623057,0.6635047836018407,0.1514938172768261,40792378629.12972,13903755662.065918,107181541988.84999,52442559670.486244
0.2627341986479459,0.9745526646910337,0.04889202774270163,0.1978522329411162,98243495936.95079,157427738175.29697,7897942944.70231,87762563012.88806
0.5247711144534425,0.8235031801483383,0.8601888192531374,0.4803779109473263,206548388916.89062,133027436820.99316,138953578523.7761,199377179118.25018
0.800750141135702,0.5286237986747281,0.7164219724726909,0.7712283828967909,319803190200.38226,85393075188.3784,115729703269.77362,315034290791.5616
0.5484363380573312,0.3862082774657746,0.9440473880386498,0.23350690508527372,183328993720.61957,62387490988.278244,152499962715.03592,132455777614.50189
0.9867683939561107,0.41064093042550887,0.4964688855889241,0.3637237751570669,323018368810.66473,66334304159.52166,80198819996.50922,222372699599.01712
0.7058525433267532,0.30631294271827136,0.8928341913501023,0.05368362634345547,206043062213.57874,49481321526.36904,144227061709.77243,100692698678.87622
0.07702531817448321,0.30886122834363094,0.6127925188325766,0.247861447384232,51803832620.16374,49892967665.93623,98989560755.17993,79400438113.65953
0.8668048392932282,0.8786807028500067,0.16304803761038023,0.6699764811908449,326209287935.7244,141940728951.58685,26338529157.950256,294413937774.07947
0.6848046436975327,0.07300528664659056,0.4481656482141343,0.24143495834751472,222839778891.6281,11793161691.529154,72395989342.0279,151218522012.42694
0.8815600889046669,0.1017608971898305,0.9421247117320624,0.4764223263206663,306930653193.34985,16438298780.254047,152189376542.36838,241485322300.71936
0.5560749536545583,0.24337323593820048,0.005777892879953006,0.021350560190753542,159784814416.54092,39314138121.30978,933351926.9566911,73406258531.25958
0.05079336660164724,0.8147288207214681,0.41383081166331215,0.2763886769457422,47844445275.4291,131610040297.89484,66849592667.27445,84286764646.32169
0.013040872215661525,0.662432121856136,0.6925102766001175,0.09583161972762655,15296923577.317354,107008265860.66138,111867044704.93541,28670813562.814278
0.7173791250189103,0.4128196579230571,0.43570850909162273,0.8656663624640862,307676369704.7158,66686252447.66071,70383682252.58629,331630461912.4041
0.1689233448431683,0.7186299804073492,0.5643030400287029,0.034592742356288064,51944373973.147415,116086381474.67758,91156644946.76343,30244815105.347363
0.2257247433746179,0.14423612204881597,0.5594435918953793,0.3146599289832416,101932909255.9423,23299681258.90866,90371657171.21634,116299362318.79922
0.7967959576920857,0.10270094256042328,0.658905507082558,0.9556587980056648,341029827100.29425,16590152263.22768,106438581935.5798,366692285925.54297
0.7107302640854393,0.2514522880685587,0.12823615148166245,0.5978899458801806,273354645078.3003,40619215773.4096,20715070628.289883,255126593672.10324
0.9730938198499247,0.3124232135622351,0.7300356104267598,0.7560282824183299,366681871827.19385,50468365278.29254,117928829401.27512,331617438850.1469
0.611185348132251,0.19558988968105806,0.356135201419272,0.24950300525639202,203005645247.41183,31595289878.158295,57529532548.9818,144580036001.40933
0.33432011792367344,0.04665538508973799,0.8076836658528892,0.870134986054081,199929925919.06412,7536639131.455757,130471976818.8865,286484635404.3721
0.800955554125861,0.7030791313017529,0.023598747151686972,0.7339783625063409,315348275632.0572,113574321234.01784,3812105309.9153166,304528883137.4121
0.008749529743189433,0.2922202471062718,0.5818229488154941,0.4450170151644659,56388947757.188354,47204809157.801025,93986784059.06723,126862926186.1222
0.5739445335538295,0.232368200382022,0.5846162319955693,0.7790165821209597,256630559872.92557,37536401608.01714,94438006726.7122,289757583109.9233
0.10318553833349531,0.40469855717518355,0.775105043841209,0.455785274531432,84389896999.37431,65374382326.576195,125209276338.97685,141348315935.55957
0.6536163262618924,0.3304959629374503,0.5157087015090659,0.4116302065498556,234642890381.9954,53387809408.745094,83306790261.18158,195552824881.88196
0.3483424197418209,0.6626540588963239,0.6576878890809446,0.37303141930038064,143667913718.4307,107044117228.69922,106241889796.81653,147656136724.87766
0.13227005287853622,0.35916301180618326,0.2761060441468607,0.2944453711401016,73064915697.90604,58018640380.815834,44601745602.275276,99262467114.86446
0.8937357385930562,0.46987472636870165,0.8266455286765003,0.12342267885582414,267605350711.87836,75902840429.26782,133535046967.95622,143170164112.93637
0.705563152951091,0.018098915787088,0.582188469706288,0.6467378663667559,277812055952.1262,2923671012.3713555,94045829741.43869,268309509655.74792
0.4169161338304145,0.3509841206697796,0.9731632036784266,0.8762246935246415,224016975748.9753,56697434889.274536,157203286780.90576,298212973868.9328
0.14558433083406175,0.6290199021929233,0.6401511154270715,0.5247844070850441,104735219789.12761,101610907298.5529,103409026359.82964,165990616734.7798
0.33310839024733263,0.8559595378409645,0.5071427556028403,0.1938428043205045,117651980867.95166,138270386910.89755,81923060537.57904,95155232367.3781
0.6507192212446007,0.3501186535300995,0.1423785352046738,0.18933205156333954,206891624603.71057,56557628658.989334,22999609537.86914,132359851024.23888
0.2928094814907456,0.8110886011346686,0.6997489108328966,0.27499287152291807,116091432110.95972,131022004826.05817,113036362542.7825,113213364346.32452
0.11252282540079106,0.34602817243361683,0.9516958732397021,0.5098745736905194,93582602858.82422,55896858635.573265,153735487247.77176,157770192980.57877
0.6784302697312141,0.40451391177539653,0.10626926863580743,0.5293206499055404,255916251196.82266,65344554992.758194,17166574167.833286,231829312604.5647
0.7806070064604007,0.6435753556833038,0.0038476659225736842,0.29877612650525076,256869472975.81448,103962172862.87503,621546033.7764088,179035253889.87057
0.23382274893441313,0.8297431470470692,0.6933634457803094,0.35746657101399315,109408342459.86472,134035431474.07571,112004864341.76442,129381575261.5093
0.37698010028653384,0.9330490136760707,0.27253738521037807,0.2646473927173112,138632424035.33878,150723302240.70953,44025269927.79993,120486371270.36449
0.9001617834436373,0.0299949019653446,0.5105444497533214,0.137538428583452,271132121531.6076,4845330318.491318,82472564977.38696,147939118028.4482
0.3583568661083625,0.36626957630833157,0.6882836335653493,0.11379867489291318,115091876632.09575,59166623877.5567,111184279291.484,75586322658.2673
0.8388467315556379,0.15043697052020466,0.7628998242151901,0.44925655159289346,291564677539.8371,24301356781.419235,123237663937.43875,228630879225.01102
0.13957178286098226,0.23339095718802416,0.048860270778159576,0.6001864486315135,112170766070.26785,37701616169.021225,7892812973.505981,186577750556.4416
0.8292959157364246,0.8401945583171104,0.4666043717283226,0.13841641340702815,251205257086.91446,135723736371.89673,75374552371.86542,139601645148.84296
0.29596418037992633,0.29794963386273376,0.06600112768843569,0.5206374359791047,146744024997.07568,48130325480.192184,10661720628.821539,183037397062.989
0.0906774908609762,0.6784458509834983,0.7406200352944695,0.29194105912654944,61003611323.39489,109595099027.92976,119638621111.03174,93515418511.55107
0.535683449849601,0.7702146475148942,0.5581348954324998,0.9810466278942456,270291162912.69452,124419289239.94556,90160252357.93782,342234445534.94104
0.8179285662488471,0.9232022258502355,0.5098806880622668,0.17524558983453775,252453791203.05847,149132667283.89603,82365341934.96344,148635771914.43573
0.49756119769843,0.45931137614200135,0.575846916079242,0.4198689251731804,191525458400.7549,74196453084.59808,93021424924.54788,178975168220.97638
0.6260997072342579,0.4642556017917202,0.5017731823764767,0.02040938773041645,179466246942.22034,74995135689.71957,81055667939.29291,81623964540.38364
0.10562843750735629,0.9365928817186382,0.4269416095554551,0.8312384950456256,130568087530.08566,151295773232.32086,68967490788.75555,247782019926.14764
0.8807526136440437,0.9358624466078171,0.22874240827058523,0.08404540008757322,259164412383.37454,151177779868.24048,36950696728.35493,130465554781.97232
0.11665017872196859,0.9050444474796898,0.8562499240119869,0.5141154403009371,95263171195.07816,146199487700.3487,138317295446.22644,159469098078.9446
0.3294663792556235,0.29918486248162623,0.4737057925233161,0.940137325363228,207038863982.61313,48329862410.97805,76521704962.06566,305685709143.68744
0.8310388282529672,0.6964426332340273,0.46956905799268167,0.40466211220026915,283954655485.88513,112502271545.93051,75853463230.05423,215078416724.51724
0.42103388784712625,0.5480932061456372,0.17964834043746092,0.4860789551329129,177913376358.14377,88538133318.9518,29020116538.269844,188420656460.3514
0.5617608527956665,0.5013808632185047,0.02438696438472321,0.9204923102523174,270326655646.60614,80992293306.0688,3939432709.1247025,328275583401.7138
0.5971288451694868,0.8447300080822494,0.2076197578071548,0.7265258485244657,256825132163.20178,136456385949.49536,33538576268.164646,277727725017.2204
0.02494540380893817,0.10571066612136304,0.6646980545300024,0.45121703006022185,61718552423.874626,17076338377.019556,107374301138.82404,130577815140.3953
0.3859979998061869,0.03277568772904871,0.9069244202879541,0.4041599158928535,158084193634.49643,5294534172.722011,146503175615.59338,161018041618.34033
0.3491538724866863,0.5696347977012474,0.24714190537980596,0.6732611814448269,180271295588.76337,92017928878.66217,39922923185.08095,232627091662.1736
0.616040793141799,0.8230316747408213,0.49965579653961734,0.9841871362149214,293388050394.74396,132951270562.83986,80713628688.65187,352857844288.21466
0.6612100992967278,0.04849588228955937,0.13655394219729167,0.29901083198578626,223145321223.02444,7833950217.642879,22058713744.172306,164636208799.02963
0.15464188852979843,0.16124301517554007,0.30621870006678287,0.9956017529470308,164337053975.7725,26046948610.722828,49466097713.43309,300184416717.71484
0.5658280885417637,0.6946578193102086,0.2751211171000808,0.5560327765452456,227320757620.56265,112213955450.48418,44442642002.377556,225738437990.02527
0.9689964870699008,0.8056396214809793,0.4580487591348763,0.11978525446011234,288440297426.1676,130141785035.6629,73992491875.71216,151260021360.5339
0.8497600779501372,0.8072255648675584,0.4582036047052087,0.3967311965267799,288286147829.20245,130397975890.47148,74017505390.92494,215104559276.28946
0.4739387825287613,0.7798124699636833,0.9703019076072822,0.32949045048475445,173897883521.4709,125969706712.76624,156741077415.4705,150563922186.40875
0.5974814386059265,0.05983016729254964,0.9680966948999574,0.8044052432803049,266360195828.22238,9664873180.047012,156384850747.28973,299786348897.992
0.7892246984294525,0.9123053037802562,0.9512274323700501,0.5248062338052432,286690045057.71985,147372395256.8392,153659816030.35068,243976293071.03668
0.3706356776507268,0.31874487982952726,0.582354027829523,0.7718906435372832,198293375344.33487,51489557521.68389,94072573745.96687,263111485231.86273
0.813366872490904,0.6392780289637935,0.8874723601454538,0.600717259652058,302711764706.03467,103267989315.73212,143360919745.76364,268360673394.1194
0.7605502194064995,0.9077684387998651,0.8907608733195195,0.755949114368436,306587839406.3145,146639517067.54596,143892141104.7622,305844583976.9338
0.3864246440850523,0.7710630219492446,0.04508092014851761,0.7197630530963691,196441336628.69452,124556334340.90768,7282302487.05162,250288310403.314
0.8430547661550246,0.733658160844392,0.9151745169928166,0.08240570900909783,248308865998.74106,118514010622.70724,147835883545.11893,125434787511.0286
0.6690860905340823,0.6244831832131733,0.9207409942182404,0.383638223877137,235624737381.49033,100878052693.97864,148735083712.49063,189513928142.6551
0.04727477263444069,0.13661773701810642,0.664593809491619,0.03837654025973525,18013680029.96854,22069019061.38301,107357461555.69705,16576273261.446493
0.07017301589469849,0.7880852747261325,0.5038715277554419,0.3230876475992315,58980682964.77241,127306082866.9797,81394631423.65819,99836123479.42723
0.5296843129869924,0.5716627481570877,0.20422460373528928,0.4059641299276756,198921796569.51556,92345520875.44328,32990128302.594822,178936228532.68018
0.027811641806471776,0.6492654791983411,0.10138122484691203,0.7920358642257308,103820328467.41249,104881346661.65009,16376967094.077478,227271933653.24545
0.8296803993464638,0.9838958901961237,0.11352340910652325,0.9611900516541614,350996138454.39386,158937028449.51144,18338396859.50149,372240005370.07697
0.43004249516882775,0.9658036448138007,0.2773684819865505,0.6768610101457874,203574020098.3164,156014434964.06387,44805677868.72934,243444703295.23438
0.4097052572704013,0.3592268720911804,0.11782357719447756,0.38283826959164846,162202853501.24878,58028956273.009865,19033039396.931587,157862801644.54318
0.19037780393310288,0.006094524902134801,0.2743558029532156,0.9554983177362929,169580636949.96313,984500176.7044392,44319014332.47349,293177027667.07684
0.054232428686932455,0.6625162572930131,0.1868659817346915,0.025700550168410996,18444810922.294914,107021856969.69824,30186043209.604572,13835815160.647472
0.07399330487874367,0.022968262993394162,0.2765247561506988,0.8767803972232683,127142655492.41864,3710257868.9390407,44669383695.2171,256823647359.78876
0.11300656229932204,0.17781835238636334,0.6469074644492431,0.4277367494059665,83768038230.15242,28724503083.79999,104500436586.71622,134609068465.69669
0.3985955448787585,0.26352594654250405,0.7291366132988075,0.06801196171800772,120919805189.52356,42569575988.83913,117783606788.26794,67517841744.703926
0.2983389409630054,0.9651471636766815,0.9559696530027911,0.29276818450577435,119808115304.70203,155908388011.12262,154425867055.79953,118908223876.8074
0.3504396273180592,0.36287236996814887,0.1444213295136928,0.6327018685036768,175720851828.04205,58617844391.72012,23329599387.85656,221317060029.0937
0.6482716457802798,0.3325089372940877,0.6856791925680285,0.08372151681828877,193404591365.90482,53712982189.5006,110763561899.52113,102208032052.98645
0.0713841483327119,0.11090156976616539,0.6793342400075282,0.7939050712505081,116364402512.1845,17914868965.97056,109738608024.14919,233079320854.0658
0.4302152302318477,0.3848487517658411,0.8397858483371313,0.16020101344330806,141027505204.4911,62167875298.24308,135657713990.5017,97409824021.84259
0.3463034871999736,0.4450827289695294,0.6757668955669869,0.38931140039477996,145063905498.13702,71897979310.10303,109162344691.32591,152011337631.05768
0.5365826410566376,0.9289991980918721,0.1398285015850358,0.8541065407094076,255166077553.3598,150069101261.58685,22587681029.99536,306458399815.68024
0.9624797272634324,0.4253105851957236,0.29757068771914363,0.5958821543401189,344279030131.85516,68704017622.89771,48069111103.13788,285059422185.71344
0.7360733443885098,0.8520164341241583,0.19326334367330356,0.511681051313118,270074399783.0504,137633424002.66507,31219463215.28867,233826413970.98892
0.7073124391200657,0.6292596475785455,0.027018438644428433,0.44846861736009647,254285483599.94006,101649635399.31544,4364517012.704383,212472250845.36063
0.472228334938012,0.7387155330705303,0.7255059497803237,0.5774374119009086,203454081168.75812,119330970751.71568,117197114989.00563,220449393604.7778
0.583642097080064,0.48754778596354054,0.09310792871338436,0.5969885826181967,237318594233.6636,78757719287.4922,15040511564.536026,239474564974.88947
0.19582847694448913,0.7142543172236342,0.03919377143922509,0.0018507018039374268,55583423712.55419,115379543575.6221,6331301541.505628,24248552337.147476
0.5791188365819651,0.840384866562239,0.07563319395249168,0.4199643849009772,214592740864.67322,135754478473.03929,12217669794.87882,188883175587.75632
0.09280438860500151,0.8014017834313237,0.13216895208309798,0.008095872885321431,27215932922.438484,129457211196.72937,21350369187.116074,13532249611.015173
0.15204846279000106,0.6778119349352922,0.30199231445501973,0.4129688956167217,93015700892.48383,109492697204.73662,48783373883.69791,135164386204.06998
0.25609525159001256,0.34120759877974105,0.918162039100787,0.5170148333070519,135034493262.98125,55118150583.63061,148318483270.3535,177183041087.6188
0.4995610142934326,0.6343098207047744,0.9563921844706035,0.5725439727181661,210587960394.73752,102465432596.79987,154494122139.076,222377515219.65836
0.36903275130079516,0.8474334102131139,0.15339954575979087,0.39363715855674253,152013375859.25165,136893089370.72629,24779926627.91395,155987933955.27374
0.4697884924756134,0.5149763311794223,0.8451458308883677,0.13180914850027647,148774778395.38434,83188484284.82982,136523557325.88231,94178115126.42027
0.6988668467860703,0.4756686731234646,0.7354458341697638,0.007435078945681406,198465070139.80267,76838785674.46356,118802788621.48149,86772246080.70593
0.5021238067996232,0.6826812275284121,0.025771189588659094,0.28803657528341675,176843276656.9563,110279275239.1742,4163038319.037998,142259954635.5727
0.46129197716190284,0.8882118520548259,0.827585160962982,0.9842453301668224,249648800904.69,143480376131.14862,133686833721.958,334125881023.1383
0.8829719897688367,0.4024449705978125,0.23675251370936645,0.20344848080733102,274257955416.7007,65010341417.84786,38244636837.96693,164488773176.90244
0.31330674994005625,0.7065530443161944,0.28469430283683894,0.9651843793948702,205505208010.37927,114135491798.00645,45989079698.63858,310808517405.8555
0.8432299396065996,0.6570286576349902,0.9388775029976191,0.7965417885342275,334878718915.8029,106135398563.21698,151664827439.0025,327336786817.9207
0.6398690585762411,0.2311061610337657,0.9807781656244214,0.321576502161776,219846290905.3651,37332533713.25618,158433396018.59283,168429801012.28354
0.4519149792319723,0.7163865015613208,0.523340333932118,0.32326430615302415,166917602409.3833,115723973353.32036,84539592422.0861,146135570599.97937
0.17883085452339142,0.4460809341485372,0.07445219991564389,0.42874170281793067,102497813276.16643,72059227839.05336,12026893835.04047,142868027239.8748
0.762815599427467,0.39561851751169597,0.6214303083706207,0.8713544743716584,321210048146.4574,63907606688.32166,100384895988.54019,338743251025.7217
0.5709736116512631,0.2737657169192139,0.46910283942385556,0.5457440161376953,227528834527.18457,44223692742.34562,75778150999.6897,223453284481.83337
0.13733704753186127,0.35947751585695364,0.3644805559191392,0.40443603515473026,87823108098.99098,58069444881.33552,58877628276.165184,130969867647.08653
0.29175907474136775,0.5307149728971023,0.02398185659817953,0.5989883309324309,155047786254.9484,85730880255.14026,3873992220.5155096,204677127650.03012
0.2342125222324496,0.5214592989907073,0.8104458989384195,0.06575268668677425,74176269302.87993,84235732931.48705,130918183702.02708,46963526632.122375
0.3433275914086166,0.01511438319488978,0.8230449552215079,0.13747073618932126,113711177556.44388,2441554208.915507,132953415871.25887,80457377860.22372
0.15439632945712856,0.8028603114982188,0.24906895544602858,0.31828363680413907,82207941457.29263,129692819576.81538,40234215888.151215,108682044957.3422
0.5003970322319522,0.7099192907528936,0.5781886391143634,0.041065567067732345,146433643229.37872,114679270068.6638,93399703261.06966,72233944995.03706
0.15030250913605814,0.15301447993367534,0.06049322692017267,0.046312043959962024,48100245418.66382,24717723686.759205,9771982812.223879,31301785655.937737
0.3657890540662132,0.08286094677218747,0.8474397420434971,0.5397487409592086,168798387781.74362,13385229865.99675,136894112204.86531,196899567978.02316
0.3231915978872041,0.19391571246583628,0.7359238042130873,0.04416453642325813,96714482104.98878,31324845866.412113,118879999166.95766,51640879859.08576
0.7452214273995134,0.7639997604128327,0.06597922813869694,0.8150643869769338,309416550463.2682,123415345938.6335,10658183009.24762,320698874705.05536
0.056587351659169616,0.23641915866612584,0.5674977009594582,0.42761485886296,67803993864.67814,38190787177.1245,91672705558.76247,127739206579.35406
0.9864193428816282,0.6181200491155227,0.03192807841358736,0.7874783963898634,374259196955.44476,99850161801.0665,5157612667.888101,342122582515.44385
0.8133965358514187,0.5893350552252146,0.757401230507689,0.03460590851467882,234133582753.89713,95200278171.66034,122349429569.11824,108328942927.05614
0.9300063982070172,0.6379267705957316,0.41405299265564277,0.4374607578500799,315905708298.6843,103049709117.7688,66885483442.96616,236340643301.32074
0.03333165987174913,0.7684749556310041,0.4858908883699028,0.9170223478646532,120523388326.37979,124138262089.41226,78490066599.23326,263273422570.44995
0.6566451103407995,0.7784481108784448,0.06663107736790963,0.1976160488654657,209570466002.6841,125749310245.10474,10763481730.911673,135419617595.01877
0.24500469600195662,0.6119191312617146,0.9000183983757986,0.9011306084556028,178436382046.88684,98848475070.62662,145387587460.3197,284425952542.3178
0.43542500747059,0.16889345205790895,0.8516955186399179,0.8214968099300869,222618798361.46933,27282788415.05607,137581583809.04614,284984243387.19025
0.45788814934447586,0.29782572448093314,0.6376669255424714,0.05224972385150084,135771712636.6091,48110309349.28173,103007734147.61804,70245505427.89645
0.8410272398291622,0.2949193673557008,0.5874807672996523,0.6412225271818878,315438506733.8929,47640820890.49223,94900739352.85307,283162360837.9728
0.7292266488379631,0.8710956688092653,0.6017589033719289,0.8025072577543826,303373605097.45026,140715454221.67267,97207207488.08743,315211241924.884
0.9166166797375807,0.44959747167146424,0.463741330386778,0.72678148315432,347172856534.37213,72627283900.56802,74912061078.13458,316507170926.0525
0.9096880212893838,0.8845613994734611,0.06662323992817598,0.8818089356919159,363996350226.31805,142890687637.11267,10762215682.954435,359492805628.86285
0.6367381082330131,0.6451108401988548,0.06770472119490933,0.8000942456279462,276935460413.28455,104210212669.28508,10936916503.001724,303323759536.44214
0.37442732108662347,0.8994105895771286,0.4216853666599436,0.3093590398800028,143327761014.90228,145289402962.05255,68118405397.76472,132816730971.63617
0.6117623013932824,0.6250290750890515,0.5136518607198699,0.29225624830712316,208348465328.46616,100966235227.7928,82974531364.39587,156735949049.91602
0.07350612197077921,0.9045310820291875,0.7687568993194037,0.5223580549210132,84065302690.12254,146116559435.2503,124183806839.08633,156572153412.62036
0.03014223483211742,0.019915387652319927,0.3721938543592491,0.41701684959309204,59044173175.19682,3217101082.970142,60123622639.827965,121539303265.02986
0.1321530282329193,0.4618724900921648,0.9250686313781125,0.1044589325102836,50014245968.88849,74610171492.0186,149434163561.53912,45540584351.22017
0.08612963451642242,0.8549649286938822,0.881349008252437,0.07002857507078264,32832416359.50247,138109719279.4123,142371762901.30032,30231475986.97097
0.2097123534747627,0.05411714754214558,0.5188765730414808,0.7154484559077413,145963401343.9222,8742000758.635029,83818523354.98634,227659233292.4763
0.7563381428414301,0.002904721372711805,0.03497689175264196,0.18440945188863112,236152889408.33957,469224221.84381133,5650113284.299845,143764408542.8109
0.023981217735224436,0.6509076883501607,0.5578582263170251,0.28710655059627166,41563368652.23032,105146626601.61482,90115559654.65947,84068230123.2822
0.21619881991464684,0.38156116601152934,0.6655969853970564,0.891243666140994,169095341370.59842,61636803753.20477,107519513048.14775,278141047322.25806
0.951646299860339,0.5206151222891078,0.6596571629516484,0.07695642116509349,278346655082.9202,84099365925.81558,106560003268.3044,137050597725.69864
0.5397568574719593,0.10947296373607684,0.11869092666886571,0.7766409377679596,246678148374.16516,17684094145.67726,19173149696.66972,284944038276.1312
0.02076754787922075,0.26716071242570993,0.2564062628151863,0.9044536992038827,115448870385.83817,43156730477.787384,41419473232.64745,258198171783.4999
0.5779650229107057,0.3163179615915357,0.03771624302202892,0.25492342461305795,194271219499.24567,51097516883.15718,6092623874.06252,142087576686.4126
0.09204927503344684,0.5933182243871447,0.6001008292833329,0.10088839350093926,38244638893.52285,95843713190.26042,96939364750.64284,39672496492.41616
0.5558325226733056,0.7140704808268094,0.4517344890030758,0.5066730984671154,218514973192.5964,115349846926.89806,72972494392.66972,210573835434.55222
0.2744780718155424,0.781685582654811,0.721297726400733,0.5833536762841363,148268381113.26453,126272286455.24242,116517325058.31425,198163671076.31067
0.6448973353758174,0.15140497630535377,0.5614499950854949,0.5830983294117341,252952121308.9857,24457726946.745247,90695768455.84119,242969204958.85504
0.6569355734884205,0.17535362414538025,0.6004242496189792,0.08430937613883127,195925038501.60617,28326354675.557987,96991609574.10434,103423883525.80327
0.26056431215439513,0.14952254906944618,0.9173370065196197,0.04450487243544066,79051463189.84483,24153642547.03508,148185208776.4447,44149553689.48916
0.9634962469064541,0.5372297309111709,0.8034157753402286,0.9787683427874038,390954526794.8845,86783264242.2482,129782548351.3127,393421557668.47675
0.2324389311801397,0.11145403694100986,0.6648770254331092,0.5678882132216976,134510539098.20134,18004113663.46409,107403211823.178,188698500054.70013
0.8621596419653619,0.9195829336523202,0.3005529755990143,0.8409276769918427,345607521263.36774,148548012390.26453,48550865299.21768,342177742305.39026
0.8512304562359021,0.7553771085811635,0.9193365228958295,0.48510085776690903,299408136804.8642,122022456027.07271,148508207575.7462,240264124732.1285
0.0735511541364775,0.21290552582863997,0.8074112473673514,0.46038455608430684,76569705191.71985,34392431102.58301,130427970755.82895,139058177827.1204
0.30967713573656686,0.5982750691915492,0.6143702646559696,0.5452517802688631,153602694474.8185,96644434274.21617,99244427388.24283,191657060137.98816
0.7311998087635092,0.7281283664259242,0.4632175277344902,0.1785206901818488,228333029604.8177,117620736139.53732,74827446803.51662,139054095046.0457
0.7936536860283575,0.1415417341961811,0.48980611375306704,0.6712884035967391,305688964049.9657,22864433990.31514,79122526084.33815,285922264576.1118
0.6715208948978482,0.9946990975574963,0.3326658586082015,0.2318329753587891,217921248117.82455,160682161946.71335,53738331017.17049,146894738023.595
0.514870996985325,0.45565108063199833,0.4862959485660783,0.6645059857874616,226057526319.26617,73605174579.01247,78555499400.16762,250229332207.7396
0.17139307941487103,0.9111713182222225,0.5547443653942786,0.28042179648674237,82425684349.24606,147189212974.3494,89612551351.64912,100038015572.22902
0.13259580708223917,0.5168212477808984,0.3300762659664017,0.21447614604315246,63468424709.04775,83486509274.36131,53320012205.715385,76695248697.80556
0.5922286169677276,0.3680123801805161,0.6905733160871266,0.4832279551756523,225963399797.8409,59448153733.89145,111554151083.54071,208355600581.59534
0.4465112721438329,0.47726013240662946,0.9992202646458613,0.9286737530206676,238737698983.44025,77095867558.72081,161412504322.67877,316625484372.129
0.33185770225859035,0.8480036273103103,0.47955831223936374,0.1260201692912003,109081447902.33113,136985201363.36961,77467111993.31703,75830769492.95795
0.5976540162739323,0.776579969432212,0.5596946101561022,0.5689844920967443,237886852731.18073,125447533549.88098,90412206274.88007,233255621901.59003
0.2720418806225804,0.48195879904438965,0.8577803094593824,0.361851770622579,120743880795.89027,77854882938.82532,138564511557.01126,135251632260.46039
0.6021276666791692,0.3290402141651302,0.23371765362034502,0.3895242581912475,217409221714.4465,53152649991.62886,37754390208.09946,183065594182.29736
0.6476885655062241,0.28138739459701145,0.9685402746719302,0.7268799508822535,271160877047.04593,45454886829.01637,156456505941.23877,283953331610.46234
0.5471775493156193,0.9541467094677764,0.05792433263874941,0.5182546701304077,217471430752.39267,154131391561.62036,9357007582.061102,212799273344.57446
0.7038224250180616,0.6266714516215759,0.7442020243823821,0.2579057545601826,230211459692.23752,101231542206.17914,120217250117.66162,158178766757.06522
0.522129721232271,0.20340939822121606,0.9881871714217864,0.979744160653098,266301829175.4381,32858441257.986275,159630235416.87878,340224161712.71246
0.7936361843923795,0.8723094015488306,0.41953636215765844,0.9713928469578544,342042824040.7581,140911518741.18182,67771258516.55379,370757361845.7971
0.860204269060719,0.017350099379629946,0.9198771396215076,0.8138095699357604,341769289413.497,2802708361.910546,148595537969.91235,334274761091.74506
0.8922579960344422,0.31634509352354345,0.4215273190815886,0.06271830102200948,259833035403.2412,51101899733.7132,68092874635.10202,125830469257.84459
0.7949593722921177,0.9514410464453307,0.01213313229713453,0.6005598827026206,297489039172.18146,153694322919.44162,1959967525.3313239,266086044693.4693
0.2278774498646282,0.5391533093435028,0.2846197578753934,0.5222897771176057,127696617504.58891,87093996142.92055,45977037820.24871,175255531916.93176
0.30978232702365494,0.821983117828942,0.6923634046997102,0.280047173729951,121501873135.89946,132781888292.42393,111843319244.09534,116698502218.22043
0.6512022268518316,0.36128130307035966,0.3506514145773718,0.4015976594152927,232744961376.2979,58360825892.792786,56643690058.95129,192424223551.20013
0.6849020817646959,0.07040225249196341,0.47240341775352834,0.08100866811428686,203431061793.68683,11372671558.770748,76311321345.3636,105879048799.00354
0.3862360142709944,0.007980487166900252,0.2894182653884453,0.4819193691026763,167572335325.98993,1289155619.5379095,46752181341.74986,183028877263.56873
0.7807538558534184,0.5760717760542062,0.1774805817554903,0.18701841369174843,243371109422.07623,93057748458.9728,28669940135.7245,147459999514.3784
0.4837830162167841,0.8690442015435713,0.06569907490199112,0.6463792697465717,215073071925.52536,140384063355.60666,10612927486.385677,241338620578.13367
0.28865715648743084,0.3587897976521167,0.030480266037208215,0.16072389663217257,101073475966.27463,57958351940.530975,4923735283.962594,80407333985.33719
0.04294337745081245,0.30194598291321173,0.33558583928042585,0.17944396913953264,33880089509.118687,48775889557.712006,54210020202.78218,55930185094.21225
0.7903926530817704,0.026958149422697808,0.7679000029795103,0.781615368933713,318133631308.49146,4354777984.57663,124045385122.61316,316715762330.43207
0.4861819007563135,0.8947094178384376,0.5214001608332742,0.2944054446923787,173108235472.32596,144529982911.79755,84226179844.5151,142128961793.98557
0.09926068685187217,0.9700544004770241,0.3794129280213556,0.9572041013968949,144029191097.84833,156701095494.42038,61289780693.18114,282620050399.46857
0.1636111653607999,0.8074132170054295,0.5717824141529064,0.9082389596595571,156288261122.2566,130428288928.13393,92364851536.31032,276574289457.19324
0.5585806908443154,0.6824943629925634,0.5869201777127803,0.9190426382951895,269252014992.25153,110249089429.53078,94810182573.41634,327480483438.7919
0.398160817847085,0.16069239485553366,0.06987266836063444,0.6570189733898176,192157376092.23392,25958002251.318604,11287123352.922808,233972924304.0294
0.1786473076263584,0.13632721161865635,0.56628962532698,0.701583122158558,135501713330.36296,22022088035.308193,91477554879.62914,219975960310.91025
0.031388186865799916,0.37553007801931215,0.10182748904158034,0.9405831804569404,122828468945.01442,60662551077.33535,16449055925.53896,269698429478.89163
0.07073477223844882,0.3558527601618079,0.9123562671755621,0.1265221436095797,35324820327.488884,57483907422.76654,147380627805.31342,44336626473.93947
0.021983637460849415,0.3880778936689012,0.8602621006335665,0.042279343242519585,11336910254.33764,62689505913.461784,138965416285.23254,14615447342.831053
0.8782782785974614,0.08327833412285968,0.9301713772041876,0.39692918670267163,296372011054.4264,13452653976.504044,150258453272.0774,218615619270.557
0.8908364305523978,0.16161148681560245,0.417019319791635,0.699976022551641,336637393747.1884,26106470952.591503,67364659365.034225,305806097063.7
0.3032977989279242,0.23458112807483456,0.15914683048882516,0.8194415039644042,185018444638.97726,37893874543.08463,25708334161.259663,268395504700.7559
0.17296294729128192,0.16845005304200744,0.07191846353866305,0.6562136328884391,128398100264.89049,27211162420.164707,11617597958.673412,206461672569.97562
0.6198747914538283,0.33263075883581195,0.5222712384661117,0.5872013657449461,246375539254.64972,53732661053.937126,84366892385.23361,241097524331.34256
0.339347153951873,0.6514132615857605,0.1650668321453963,0.03872196112916959,100622144601.91844,105228296124.30566,26664642121.367153,52059613443.48697
0.3966178096110431,0.2629337733553415,0.41720030486891535,0.7178748080805617,199094097968.33493,42473917243.200584,67393895415.98563,250989459270.40988
0.2488723497274049,0.9992477681628019,0.9353491293048013,0.9983156858850265,191304083925.91174,161416947198.49316,151094859380.8129,312368007484.3659
0.9700049857229754,0.22646220343983803,0.43140392454818355,0.4961850261100802,334327672274.12244,36582355947.9265,69688326287.73154,257787524936.04385
0.07572762821220946,0.7477558970588346,0.8235556322134228,0.7799588238898026,115902629355.47581,120791337242.43935,133035909846.89319,229663053296.399
0.433210709826781,0.4327515818178448,0.21947776339936875,0.06042420109213098,129785959668.16312,69906024769.79922,35454100248.84568,69566600552.2889
0.7866311964670315,0.6539967906769321,0.997493000898441,0.8011467021865643,319436592602.1542,105645635439.12073,161133484794.191,321781405065.0302
0.5055103709239556,0.054291918395872996,0.44591835747227504,0.051232897507805575,149110955932.72504,8770232973.473824,72032965452.88249,75727671750.16518
0.9500410279377773,0.17244169808876597,0.6862910633710657,0.0566329157313501,275430586207.42163,27855966620.16045,110862402567.72478,131110814205.45416
0.3018185272775715,0.7951325144372398,0.8753210222254466,0.8903691045982355,193193417539.39618,128444483128.24258,141398011312.12143,288266972357.218
0.8031823181177096,0.3982336120129928,0.7974577999221039,0.16966631760788697,247609189999.05334,64330045030.92714,128820106168.18378,145271989895.31104
0.6314320740293429,0.3585232262860336,0.8437197983807759,0.3167836451828372,216880547216.15463,57915290412.15471,136293198228.45401,166052724084.1741
0.5871113211236587,0.5546706573547219,0.18752750753008274,0.9446756096917515,280422937781.2146,89600644668.33363,30292905068.88242,338183322869.66943
0.9771131668402256,0.29218939455177795,0.04140451255001143,0.9441344614525349,390607897383.59644,47199825283.61255,6688421259.47651,385280568050.6251
0.4851798252303333,0.1077685621020893,0.8155897328705689,0.5402414684469838,202608936236.60843,17408767727.82173,131749110722.0094,211503509373.4645
0.28162781322356045,0.4446326892493966,0.050190971513164984,0.4870117186945112,138617359301.30972,71825280586.06639,8107772323.051781,171794759422.78125
0.29384774251219514,0.11609509151317132,0.5495502710776372,0.7447637263688399,173299486402.6191,18753822479.12378,88773505346.47784,246139760733.1455
0.6284387486853736,0.6639460762019597,0.3790822987657141,0.8238253186011132,277464406074.5614,107252827716.57637,61236371351.87406,309026851990.62305
0.06262372742337374,0.7179404876635133,0.3066655773058451,0.033248244929108495,21731398777.17561,115975001877.5732,49538285575.14283,16986128527.110321
0.9588149437937231,0.3697155608567182,0.4970441149539526,0.2715097191361463,303944055915.9306,59723282920.10466,80291741663.1871,192917827294.1967
0.34879008097652264,0.7423991330328403,0.8650190507914289,0.6036644925904316,171736547991.1702,119926013822.6748,139733846695.5093,212908568337.40576
0.4218329779906568,0.8351433554300043,0.26783503207454884,0.7898200771345749,214938678168.19626,134907772828.42448,43265659036.46876,274382748042.32874
0.7287427783679135,0.3934296899162846,0.8084755627311073,0.5491112263613187,272536914827.81302,63554026845.91207,130599898622.31775,243519510266.83752
0.3867229054638994,0.3330752417492515,0.37598025775808164,0.47646204862058694,167048800354.6987,53804462139.96929,60735272419.767166,181545123483.03906
0.9030644859384171,0.4576313688842033,0.7898040857018609,0.2524089348478332,285869696845.05023,73925067296.74324,127583736947.73222,180763800108.45242
0.3688129643230168,0.9806708175422411,0.6321095659423077,0.871623617941123,209861141747.26862,158416055174.5447,102110006827.40399,291084401194.85986
0.7038115866079124,0.42749727281698824,0.9662170202424968,0.06760039159196096,207152169084.93802,69057251777.17584,156081210994.86728,104379591407.03772
0.3028384526885878,0.853782795187931,0.9380703414125764,0.04095056393564456,90571419390.40454,137918759251.48795,151534439798.31458,48266452736.857414
0.8516159771723514,0.8356413665956703,0.8904332554274387,0.46664398861747536,297280999922.1963,134988220785.97195,143839218214.49182,235093217142.64328
0.32337797818661984,0.8118576139526762,0.8955678099583076,0.2518871027415167,121933558229.61372,131146229973.60844,144668646254.26706,110385032193.76051
0.3176891532963154,0.6989850787082119,0.053339988983443054,0.8344984462096907,190910976281.7596,112912974276.46147,8616459760.664543,274395554385.2131
0.5290298401613821,0.1470019029216726,0.08317556534012427,0.6061996270385543,222996082752.66348,23746461246.155785,13436052865.443329,235461971404.65787
0.09022693119102898,0.19794474100001547,0.7262718309127899,0.5498887012737095,92127590529.49312,31975688937.45399,117320834248.89145,166380645712.21265
0.41327837698202163,0.48551497361697427,0.06779144426320838,0.5014395437443767,177581947483.75128,78429341908.3629,10950925614.037565,191823366732.95386
0.5637085495615849,0.3384003617086039,0.8033503452860583,0.7173425406239532,246264878599.27594,54664673825.8906,129771978881.02147,271082677160.69116
0.694306239407819,0.027765234753962198,0.6612669680679335,0.6784738240635727,278474746421.56964,4485153307.346582,106820048710.22011,275917202403.88763
0.9417743850321804,0.7022528822470476,0.3165028586695309,0.7366776975076028,355483710733.3455,113440850232.84535,51127384872.68571,322352707357.06683
0.6119592598009933,0.5617572415081348,0.7371459365149811,0.33567606249211657,213664621444.16956,90745400570.27802,119077420538.84329,169034258792.63956
0.7420534620581053,0.5141272357804897,0.1691362483128085,0.5938384915130223,281718622920.1463,83051322720.3582,27322009348.54804,257776204596.32162
0.3088447266822598,0.31940593401178985,0.9972097178205706,0.6899999012629392,170904170423.90268,51596343197.302505,161087723681.60236,232475390945.95657
0.6197526151064142,0.21497225036080136,0.6506035757778352,0.31275383799000356,213090627379.17218,34726286604.00193,105097500724.53659,163498517219.2343
0.705650204065395,0.7782310901493262,0.832592767885616,0.7563566447384686,291117401245.71576,125714253050.39365,134495754840.3987,299308441663.8469
0.16034390000440213,0.671054450872596,0.33457682485326834,0.7514374237848124,136367521180.5947,108401103625.14989,54047025564.515015,231851859657.38455
0.2758141132008408,0.2518727278953613,0.09986307034316022,0.4716871795748053,135117244170.03731,40687132976.21499,16131726751.11247,166758277975.52087
0.6868465757207519,0.33808607870608665,0.9233541419011575,0.5968250136466494,266473889460.8596,54613905033.16569,149157207569.0501,251931944815.081
0.06988391850445985,0.8786911748000524,0.42882226036802773,0.4347719922564416,72429945269.58136,141942420574.287,69271288227.77307,131373403349.52716
0.6801898251114842,0.6402161217853035,0.527941250285273,0.8124180029295152,290711997129.88293,103419527386.93077,85282817371.59723,312071933551.1056
0.34119240357819336,0.24926158797098674,0.6943585365241632,0.3487138718619215,138700494746.8615,40265333449.881744,112165609769.65126,139915501162.17917
0.11393813249916107,0.1009214168868483,0.6856446050393082,0.5247705693818692,95787406459.3146,16302690423.59012,110757974683.34207,162152646277.31332
0.9004724713947151,0.2827577661396463,0.3663365819423996,0.9400263592379482,368444449936.6395,45676254539.795975,59177447864.60065,374833924128.03564
0.10009698251446819,0.541838864123486,0.41033988203924654,0.07690466564405074,37613943017.864426,87527816530.54697,66285673266.34599,33867491830.321754
0.10524552655765285,0.547053821446689,0.1914978765819959,0.2165904748396058,55992869855.6824,88370232713.70195,30934272377.402428,73979361504.98746
0.35349988119820774,0.15250285015970044,0.09222568473758097,0.656972345052618,179526423642.23166,24635075800.17677,14897995229.953375,228548898582.80417
0.007323595583721976,0.1597312479447932,0.49162967703887017,0.7440727459258274,92217599142.60663,25802740058.012695,79417101692.10637,211230923453.5104
0.21358825587551855,0.2955967464708904,0.6297902943118262,0.7461167127751251,150774666413.3052,47750243670.66113,101735355256.24792,236798494084.29578
0.6951385875522865,0.6916045912787793,0.9065183274458299,0.8144832856503003,295188114227.371,111720741691.45781,146437576002.62115,314466873154.9253
0.3702552949818526,0.5158234280566276,0.7175801420624249,0.6224644024129977,180082280257.53958,83325323011.17621,115916792203.53905,220823751466.46957
0.03730957727482431,0.31800496680789214,0.6922858004047091,0.7601661409967726,102644182217.98102,51370033110.47175,111830783165.66953,219413319459.00574
0.16954732202000833,0.592089208317398,0.01184140077981466,0.9577768226662668,163968069582.1814,95645179825.10603,1912841664.8313432,291297450482.41705
0.9668572494501924,0.6658413315046419,0.16177304112790913,0.7769060382865538,367448261771.4647,107558984342.45825,26132568187.661884,336763835346.3104
0.46131503310863364,0.6189508684232422,0.5367126483146841,0.029390571348478556,133970992070.15741,99984371073.88,86699735515.10593,64198579002.01288
0.6773804099166502,0.8006744924031052,0.5035370689854896,0.20997281523911648,216929245464.2028,129339725722.91556,81340603468.50069,141424941692.8224
0.49374654396708173,0.4677162588226613,0.09210111030674384,0.39394683871579084,187306524658.86612,75554164902.5269,14877871668.044712,171185033807.21152
0.28790703829813746,0.9783287905556796,0.9091245976236317,0.7242695399141155,169137145505.37598,158037727738.17493,146858588877.58484,239626472704.22638
0.11243083462823589,0.41747498871600863,0.27455304117728996,0.592257115605961,103537559586.11072,67438267422.06382,44350875891.75374,181047958837.17218
0.7456878071163093,0.5904287398312966,0.30180343601090953,0.05662189306688736,217660167178.77768,95376950300.37204,48752862750.41219,106349519501.37859
0.3295702822975105,0.09808386533204416,0.5540580652163238,0.3980891841532993,141397019451.45663,15844316710.795198,89501687476.72556,152465457445.85864
0.37342335095660006,0.9786673345288165,0.20290530372522275,0.26054368836307096,137129778793.06819,158092415610.77,32777010608.616493,118895371754.91838
0.8417999090500973,0.6232807384802195,0.44473147887276376,0.7363046631058521,327176500849.20605,100683811621.69173,71841238909.84444,310134961116.18945
0.12189878555615785,0.056136199142564625,0.6182014953620921,0.33573255972995464,75135139899.82156,9068155248.001652,99863318502.4381,109677518812.03818
0.8084761025194901,0.10809125836426559,0.3342876632653169,0.7940858253674757,324756527122.70605,17460895585.56879,54000314846.451546,322431943889.97174
0.8748635860395559,0.7952449565014128,0.8574501481257212,0.07781794314330115,256745149218.73657,128462646846.30504,138511177803.10092,127991622262.43472
0.35484351643059076,0.6742563377423297,0.043453699263189094,0.5027694953286674,161223990651.00577,108918331504.21492,7019443728.5974655,185119725708.7658
0.7220696562187675,0.19432008961854508,0.08325904321132871,0.15999689150268348,223507776255.99292,31390168329.55566,13449537752.33301,132711406552.11253
0.7775709690333072,0.9492486889600462,0.42716486371670326,0.3788291570597512,265709941099.1058,153340172864.05255,69003554922.50322,201297802228.37814
0.5612624046122953,0.4344243180113734,0.9241954834460943,0.1542331880495561,177350508354.6193,70176236001.118,149293116587.87598,111599634896.1285
0.3667498103803303,0.11392230290516314,0.8566168951472154,0.922722962115555,215468786081.92957,18402833550.06448,138376575398.8526,305279833688.6961
0.9924049475902977,0.7942179000008632,0.5871262587902524,0.57257005646306,349914309405.71454,128296737719.2585,94843472593.63037,282094826978.6802
0.6770632254269183,0.4275124604692212,0.3058867674700261,0.7206026458811933,278704347804.9209,69059705167.15242,49412477832.40734,285737638802.8504
0.29828834613466204,0.13536208376135794,0.991473716946374,0.6588704042134443,164148504548.23117,21866182766.0197,160161138924.8077,222396375480.8225
0.009506090120688704,0.37923728128851075,0.7106376881252432,0.291773308945418,38036757145.06923,61261406990.17722,114795318874.99068,83633769426.28513
0.03691456553709005,0.7361876437904,0.31455764067412895,0.4512624721835534,65107647862.6756,118922619406.37859,50813157350.28589,132040771258.0151
0.7074424410104396,0.333850480781384,0.4341586824644609,0.45158019954332285,254699214283.54227,53929693060.57069,70133325643.53088,213367621422.52435
0.5720653767435476,0.2968627017826362,0.06624660807836158,0.4438673350317279,215494716368.68842,47954744144.139694,10701375153.356318,194785801933.9899
0.4506158092132174,0.29236684354780496,0.6982287320711515,0.19646792119513157,151188467319.35736,47228490121.4383,112790795204.2955,110133808477.08694
0.8968456500506257,0.856448380055301,0.3463067418447503,0.1547961498526722,272285515437.97964,138349353730.1531,55941858309.68884,152415980765.5677
0.020777754061835685,0.0982005188842523,0.6389362922694634,0.4568800299079536,61226484111.43147,15863160746.155834,103212785695.8673,131673774839.75716
0.8390176643402274,0.22714396218041477,0.039403904675418766,0.3146898623928577,275309726959.0024,36692486206.04269,6365246141.205544,190610620472.8806
0.3920399589551262,0.7426112457506289,0.5048748563192349,0.7098493432738449,196827658873.16333,119960278184.7862,81556707576.3047,248166097889.22342
0.9508085223986579,0.032402546804426335,0.31349341633621164,0.5388581020921978,334070987039.8355,5234257561.808875,50641244187.971016,267525149899.50058
0.41400406470651097,0.39075272231544567,0.15686895628853648,0.5704540788091015,186148470186.65213,63121593617.99388,25340369867.289986,211421164777.7366
0.08801820275483907,0.8419041171678046,0.49103904825413347,0.7604395809008244,117012248873.90181,135999895878.60503,79321692426.85968,225634163827.87625
0.18845950391470756,0.8992971950572415,0.3662630173999415,0.1562664702604183,72208335980.22157,145271085385.75928,59165564361.58571,67007922850.36501
0.9182975480002247,0.023125648336114413,0.3856177143079158,0.29018106244650177,294752204850.3715,3735681655.0760856,62292092324.296486,193287234085.87372
0.45037869010164433,0.6755782265463277,0.33062690062452593,0.30323727436257564,164056953360.79224,109131867387.98232,53408960881.277115,140287955428.7447
0.6457397240798272,0.32823473644623724,0.31446176784098434,0.5572527944465433,250058972148.15503,53022534360.088165,50797670200.31314,235764929665.9451
0.7831594177889637,0.35140417780082056,0.3994886103851938,0.5652495123528654,289875295624.4399,56765290271.99535,64532775537.248116,254674464738.94473
0.027903756595554885,0.9323735273669965,0.746272193766685,0.5768993415422656,77781751433.00345,150614185221.52856,120551662095.19589,166465653635.23596
0.6758999063757748,0.8122744142711593,0.9770780869824148,0.5644305257581583,259454633438.84164,131213559255.83905,157835691007.0668,241448041181.46375
0.15724634564849893,0.19457144433703266,0.48851258878211,0.5688071109923474,113365501567.62798,31430771784.089066,78913572050.52446,179848394444.7586
0.6867170896200006,0.5229538686695578,0.5833693142721404,0.27645540807369307,227623274822.15076,84477163418.12108,94236581555.96234,161350233943.12833
0.1772896248731629,0.17264831940767322,0.9146976069066933,0.9650358904344584,167036223022.84137,27889343910.14474,147758844223.49832,294287542870.8745
0.4753334737807209,0.4779088017287231,0.5508646433857577,0.34757578355069085,176483259670.45734,77200652603.08092,88985827027.06479,155845478936.6781
0.5910858660602938,0.3237627819851332,0.8356095772132646,0.9679059283285584,284360953512.43005,52300141716.220436,134983085578.04378,345231886660.79364
0.9375623355762647,0.06749889696007982,0.15827258980560943,0.8315143922001307,365782827073.20886,10903667972.753075,25567110666.249134,348652005447.33026
0.7422602553995638,0.8882106337105151,0.19802177163799417,0.7075180503905618,295549797597.0355,143480179321.683,31988132348.206997,289937595248.2547
0.7548721803611368,0.021469452477727802,0.15312759040956148,0.08130482781793968,223246951326.6874,3468142324.050031,24735995379.021564,114439917431.58623
0.6780387402680906,0.22635792739981186,0.8132352394166198,0.6353435816569691,268650654794.21628,36565511356.84182,131368769471.67656,261753744555.59396
0.8749663790928653,0.9245672836605601,0.722199933210983,0.12101659034108048,262007890281.94525,149353176622.533,116663066158.46205,140216001304.28177
0.32190316348545656,0.7080307353867453,0.9333914650983198,0.3120565429295753,128806398559.46674,114374195740.22229,150778621316.6229,127215790623.1843
0.6427302766864181,0.7253869923769061,0.15693457137387556,0.07932566430378762,191305514509.2908,117177898793.06493,25350969227.231575,100294000182.30775
0.38474735239223956,0.17792678720659516,0.7563155651077684,0.6746251567976841,190498549424.259,28742019477.841118,122174052850.633,237324963991.8474
0.3652875904565549,0.4662698817488464,0.6602800141091499,0.894871502278846,211681116276.3157,75320519375.1695,106660617686.07567,297229286665.48663
0.23211537207164323,0.7864406177391167,0.60375559287033,0.33654275980954707,106390679950.18166,127040407507.48312,97529749637.89653,123259719511.36832
0.6866694793210378,0.576488645053769,0.5869665728959422,0.28567247090920966,228726498369.8622,93125088835.83925,94817677179.9287,163950058535.953
0.30126887318534357,0.28487259743459625,0.4581787028659331,0.6423641552651336,162991281072.42526,46017881133.666954,74013482786.11804,218091288189.13675
0.03627489985775345,0.7202321371502931,0.6741284356859045,0.9335235623850706,123354605236.06549,116345191410.13037,108897670402.78816,268294773828.46014
0.2569195121651646,0.7461802437989233,0.03685089839504485,0.5755211267509313,142355767863.5723,120536808638.86198,5952837434.289725,193822182538.18228
0.5604173209920449,0.7867865503174329,0.39889851528414455,0.034153375906720185,162563478626.1917,127096288923.99194,64437452482.44334,77551610556.18114
